INSERT INTO `user` (`id`, `created_at`, `created_by`, `updated_at`, `updated_by`, `username`, `email`, `password`, `avatar`) VALUES (1, '2024-09-09 14:30:33', 'SYSTEM', NULL, NULL, 'ThienAn', 'thienan@gmail.com', '$2a$10$rSUSUbCtlmfiCzBiB68km.n9LPHhV/1LfK/MW0gzYKlnal.slKX.e', 'https://firebasestorage.googleapis.com/v0/b/react-chat-4022b.appspot.com/o/images%2F2024-09-09T07%3A30%3A28.369Z_Wow-gif.webp?alt=media&token=072cbfe3-687a-434b-a199-ffa3e2b84616');
INSERT INTO `user` (`id`, `created_at`, `created_by`, `updated_at`, `updated_by`, `username`, `email`, `password`, `avatar`) VALUES (2, '2024-09-09 14:30:58', 'SYSTEM', NULL, NULL, 'ThienAn2', 'thienan2@gmail.com', '$2a$10$2jw75ZNu81fpYKiZKv5f9urVj8IprdvGJy1GwL8atyXKAbwAHUKMK', '');
INSERT INTO `user` (`id`, `created_at`, `created_by`, `updated_at`, `updated_by`, `username`, `email`, `password`, `avatar`) VALUES (3, '2024-09-12 09:22:42', 'SYSTEM', NULL, NULL, 'ThienAn3', 'thienan3@gmail.com', '$2a$10$EOcAqj9AQt4sHDxuy6cpvOEb.QZ4wITFe0wtNf/ZeoG.VZkxfRIm.', 'https://firebasestorage.googleapis.com/v0/b/react-chat-4022b.appspot.com/o/images%2F2024-09-12T02%3A22%3A39.532Z_default-electrician.png?alt=media&token=feefd92f-f86d-4c3a-b589-232207134e91');
INSERT INTO `user` (`id`, `created_at`, `created_by`, `updated_at`, `updated_by`, `username`, `email`, `password`, `avatar`) VALUES (4, '2024-09-12 09:23:28', 'SYSTEM', NULL, NULL, 'ThienAn4', 'thienan4@gmail.com', '$2a$10$r02MvzO/s.vmefzOhMewNeHr8DPn3asjG35v/FfzcAJw6IVqJxDpa', '');

INSERT INTO `chat_room` (`id`, `created_at`, `created_by`, `updated_at`, `updated_by`) VALUES (1, '2024-09-09 14:31:10', 'SYSTEM', NULL, NULL);

INSERT INTO `chat_room_users` (`id`, `created_at`, `created_by`, `updated_at`, `updated_by`, `chat_room_id`, `user_id`) VALUES (1, '2024-09-09 14:31:10', 'SYSTEM', NULL, NULL, 1, 2);
INSERT INTO `chat_room_users` (`id`, `created_at`, `created_by`, `updated_at`, `updated_by`, `chat_room_id`, `user_id`) VALUES (2, '2024-09-09 14:31:10', 'SYSTEM', NULL, NULL, 1, 1);

INSERT INTO `message` (`id`, `created_at`, `created_by`, `updated_at`, `updated_by`, `chat_room_id`, `user_id`, `content`, `is_image`) VALUES (1, '2024-09-09 14:31:13', 'SYSTEM', NULL, NULL, 1, 2, 'hi', b'0');
INSERT INTO `message` (`id`, `created_at`, `created_by`, `updated_at`, `updated_by`, `chat_room_id`, `user_id`, `content`, `is_image`) VALUES (2, '2024-09-09 14:31:15', 'SYSTEM', NULL, NULL, 1, 2, 'how are you', b'0');
INSERT INTO `message` (`id`, `created_at`, `created_by`, `updated_at`, `updated_by`, `chat_room_id`, `user_id`, `content`, `is_image`) VALUES (3, '2024-09-09 14:31:19', 'SYSTEM', NULL, NULL, 1, 2, 'i am good thank you and you ?', b'0');
INSERT INTO `message` (`id`, `created_at`, `created_by`, `updated_at`, `updated_by`, `chat_room_id`, `user_id`, `content`, `is_image`) VALUES (4, '2024-09-09 14:31:22', 'SYSTEM', NULL, NULL, 1, 1, 'no', b'0');
INSERT INTO `message` (`id`, `created_at`, `created_by`, `updated_at`, `updated_by`, `chat_room_id`, `user_id`, `content`, `is_image`) VALUES (5, '2024-09-09 14:31:24', 'SYSTEM', NULL, NULL, 1, 1, 'i am not good', b'0');
INSERT INTO `message` (`id`, `created_at`, `created_by`, `updated_at`, `updated_by`, `chat_room_id`, `user_id`, `content`, `is_image`) VALUES (6, '2024-09-09 14:31:27', 'SYSTEM', NULL, NULL, 1, 1, '💀', b'0');
INSERT INTO `message` (`id`, `created_at`, `created_by`, `updated_at`, `updated_by`, `chat_room_id`, `user_id`, `content`, `is_image`) VALUES (7, '2024-09-10 10:14:56', 'SYSTEM', NULL, NULL, 1, 1, 'avasdsa', b'0');
INSERT INTO `message` (`id`, `created_at`, `created_by`, `updated_at`, `updated_by`, `chat_room_id`, `user_id`, `content`, `is_image`) VALUES (8, '2024-09-10 10:14:57', 'SYSTEM', NULL, NULL, 1, 1, 'dsadas', b'0');
INSERT INTO `message` (`id`, `created_at`, `created_by`, `updated_at`, `updated_by`, `chat_room_id`, `user_id`, `content`, `is_image`) VALUES (9, '2024-09-10 10:14:58', 'SYSTEM', NULL, NULL, 1, 1, 'dsadas', b'0');
INSERT INTO `message` (`id`, `created_at`, `created_by`, `updated_at`, `updated_by`, `chat_room_id`, `user_id`, `content`, `is_image`) VALUES (10, '2024-09-10 10:15:00', 'SYSTEM', NULL, NULL, 1, 1, '💀', b'0');
INSERT INTO `message` (`id`, `created_at`, `created_by`, `updated_at`, `updated_by`, `chat_room_id`, `user_id`, `content`, `is_image`) VALUES (11, '2024-09-10 10:15:30', 'SYSTEM', NULL, NULL, 1, 1, 'https://firebasestorage.googleapis.com/v0/b/react-chat-4022b.appspot.com/o/images%2F2024-09-10T03%3A15%3A25.580Z_Wow-gif.webp?alt=media&token=ff0e9269-20de-418b-92b7-7ba8758cf115', b'1');
INSERT INTO `message` (`id`, `created_at`, `created_by`, `updated_at`, `updated_by`, `chat_room_id`, `user_id`, `content`, `is_image`) VALUES (12, '2024-09-10 15:55:13', 'SYSTEM', NULL, NULL, 1, 1, 'hi', b'0');
INSERT INTO `message` (`id`, `created_at`, `created_by`, `updated_at`, `updated_by`, `chat_room_id`, `user_id`, `content`, `is_image`) VALUES (13, '2024-09-10 15:55:17', 'SYSTEM', NULL, NULL, 1, 1, '💀', b'0');
INSERT INTO `message` (`id`, `created_at`, `created_by`, `updated_at`, `updated_by`, `chat_room_id`, `user_id`, `content`, `is_image`) VALUES (14, '2024-09-10 15:55:20', 'SYSTEM', NULL, NULL, 1, 1, 'hey', b'0');
INSERT INTO `message` (`id`, `created_at`, `created_by`, `updated_at`, `updated_by`, `chat_room_id`, `user_id`, `content`, `is_image`) VALUES (15, '2024-09-10 16:19:11', 'SYSTEM', NULL, NULL, 1, 1, '💀', b'0');
INSERT INTO `message` (`id`, `created_at`, `created_by`, `updated_at`, `updated_by`, `chat_room_id`, `user_id`, `content`, `is_image`) VALUES (16, '2024-09-10 17:27:19', 'SYSTEM', NULL, NULL, 1, 1, '💀', b'0');
INSERT INTO `message` (`id`, `created_at`, `created_by`, `updated_at`, `updated_by`, `chat_room_id`, `user_id`, `content`, `is_image`) VALUES (17, '2024-09-10 17:27:25', 'SYSTEM', NULL, NULL, 1, 1, '💀', b'0');
INSERT INTO `message` (`id`, `created_at`, `created_by`, `updated_at`, `updated_by`, `chat_room_id`, `user_id`, `content`, `is_image`) VALUES (18, '2024-09-10 17:48:34', 'SYSTEM', NULL, NULL, 1, 1, 'hey', b'0');
INSERT INTO `message` (`id`, `created_at`, `created_by`, `updated_at`, `updated_by`, `chat_room_id`, `user_id`, `content`, `is_image`) VALUES (19, '2024-09-10 17:50:30', 'SYSTEM', NULL, NULL, 1, 2, 'what ?', b'0');
INSERT INTO `message` (`id`, `created_at`, `created_by`, `updated_at`, `updated_by`, `chat_room_id`, `user_id`, `content`, `is_image`) VALUES (20, '2024-09-10 17:50:34', 'SYSTEM', NULL, NULL, 1, 1, '💀', b'0');
INSERT INTO `message` (`id`, `created_at`, `created_by`, `updated_at`, `updated_by`, `chat_room_id`, `user_id`, `content`, `is_image`) VALUES (21, '2024-09-10 17:51:27', 'SYSTEM', NULL, NULL, 1, 1, 'what', b'0');
INSERT INTO `message` (`id`, `created_at`, `created_by`, `updated_at`, `updated_by`, `chat_room_id`, `user_id`, `content`, `is_image`) VALUES (22, '2024-09-10 17:51:32', 'SYSTEM', NULL, NULL, 1, 2, 'what ?', b'0');
